{
    "-N-lCqyCFFQsCnJgvxZw": {
        "Ts": 1650093158285,
        "Value": 28.299999237
    },
    "-N-ldKlenGp37wdgnrWv": {
        "Ts": 1650100362346,
        "Value": 29.5
    },
    "-N-lr4pbD_28dmFCkNLA": {
        "Ts": 1650103967079,
        "Value": 30.700000763
    },
    "-N-m3qRgq_BZVDm4KdYY": {
        "Ts": 1650107574060,
        "Value": 31.5
    },
    "-N-mH_SXBFBO9XPjcCnE": {
        "Ts": 1650111174499,
        "Value": 31.799999237
    },
    "-N-mVKf3oWqrZ0YKqON_": {
        "Ts": 1650114779844,
        "Value": 31.399999619
    },
    "-N-mi4CQe8hXS4VhFNdh": {
        "Ts": 1650118382427,
        "Value": 30.899999619
    },
    "-N-mvoMj6xgQ-o0FXMjs": {
        "Ts": 1650121983471,
        "Value": 30
    },
    "-N-n8YawoV-fmbtzOzhc": {
        "Ts": 1650125584828,
        "Value": 30.299999237
    },
    "-N-nMIBMq-7ym4eL9-u1": {
        "Ts": 1650129187607,
        "Value": 28.5
    },
    "-N-n_1CNWF6hSAaj3fuN": {
        "Ts": 1650132788056,
        "Value": 28.700000763
    },
    "-N-nmpPhakQH0TTQRqAk": {
        "Ts": 1650136405678,
        "Value": 28
    },
    "-N-o-c0ntl8TI4N2Xn7s": {
        "Ts": 1650140020852,
        "Value": 28.100000381
    },
    "-N-oDLzNSa0evaonGJGQ": {
        "Ts": 1650143621080,
        "Value": 27.799999237
    },
    "-N-oR5k7rH2kFP0sBs0c": {
        "Ts": 1650147224584,
        "Value": 27.299999237
    },
    "-N-ods9Of34JuplujYje": {
        "Ts": 1650150834841,
        "Value": 27.200000763
    },
    "-N-orcRlk3_E56OtqsDd": {
        "Ts": 1650154440497,
        "Value": 26.700000763
    },
    "-N-p4NxYR5wKPgPnzyKT": {
        "Ts": 1650158047075,
        "Value": 26.299999237
    },
    "-N-pI8LFG0WhBAYlxyyu": {
        "Ts": 1650161653136,
        "Value": 26.299999237
    },
    "-N-pVt5vlFf4f8-O1b2I": {
        "Ts": 1650165256635,
        "Value": 26
    },
    "-N-pidXsmuAJnmtRpjxT": {
        "Ts": 1650168862904,
        "Value": 25.799999237
    },
    "-N-pwOxAF4yUfr43rGOy": {
        "Ts": 1650172469067,
        "Value": 25.200000763
    },
    "-N-q98W3Dq6FpmoKaa7b": {
        "Ts": 1650176071748,
        "Value": 25.200000763
    },
    "-N-qMt8nxEFAdjsfdD30": {
        "Ts": 1650179674739,
        "Value": 25.700000763
    },
    "-N-q_cCjK4xuymOiBEGn": {
        "Ts": 1650183275376,
        "Value": 27.200000763
    },
    "-N-qnNOcDSAtHHNF3LSJ": {
        "Ts": 1650186880616,
        "Value": 27.700000763
    },
    "-N-r08CcI-1ySbW24TNk": {
        "Ts": 1650190488424,
        "Value": 28
    },
    "-N-rDtWb2WtgDhGIppH-": {
        "Ts": 1650194094183,
        "Value": 28.299999237
    },
    "-N-rRdFigg0JR20xEzgD": {
        "Ts": 1650197697582,
        "Value": 30.200000763
    },
    "-N-reNErlG16ZxJyvits": {
        "Ts": 1650201297912,
        "Value": 29.100000381
    },
    "-N-rs6_XGy7t3hYmh0Nq": {
        "Ts": 1650204899683,
        "Value": 29.399999619
    },
    "-N-s4qgZCjX5NhaUglVE": {
        "Ts": 1650208500516,
        "Value": 28.600000381
    },
    "-N-sI_pGRDdnlYslXRQM": {
        "Ts": 1650212101457,
        "Value": 27.600000381
    },
    "-N-sWJtFyasASXMsRizI": {
        "Ts": 1650215702096,
        "Value": 27.899999619
    },
    "-N-sj4FOhMdQ9-9tBFP9": {
        "Ts": 1650219308058,
        "Value": 27.299999237
    },
    "-N-swpoHG4ERaA7NFeKT": {
        "Ts": 1650222914834,
        "Value": 27.200000763
    },
    "-N-t9_agEYh6Z5L4LDd0": {
        "Ts": 1650226518444,
        "Value": 27
    },
    "-N-tNKhgM9IZrBDLWvPJ": {
        "Ts": 1650230123372,
        "Value": 26.799999237
    },
    "-N-thRuRNwWSXsnSH4wM": {
        "Ts": 1650235657885,
        "Value": 26.899999619
    },
    "-N-tvC88J0UV6EPFPIzC": {
        "Ts": 1650239263306,
        "Value": 26.799999237
    },
    "-N-u7xK5Xl2vOFeRMQK6": {
        "Ts": 1650242868550,
        "Value": 26.799999237
    },
    "-N-uLgRDatrah3gYngyp": {
        "Ts": 1650246469390,
        "Value": 26.5
    },
    "-N-uZTJuyP3M-lSc4xZu": {
        "Ts": 1650250081594,
        "Value": 25.799999237
    },
    "-N-umErGPfLAfyBw1gwo": {
        "Ts": 1650253692370,
        "Value": 25.899999619
    },
    "-N-uzzQB55aBACwp-kb-": {
        "Ts": 1650257295052,
        "Value": 24.200000763
    },
    "-N-vCjpUTIaQFKXOZrqK": {
        "Ts": 1650260901216,
        "Value": 25.600000381
    },
    "-N-vR2LIRxL3kjPFj53y": {
        "Ts": 1650264651156,
        "Value": 26.700000763
    },
    "-N-vdr-dLhqaEG1Yo2he": {
        "Ts": 1650268270634,
        "Value": 27.600000381
    },
    "-N-vrajnW0U04fZM_tOB": {
        "Ts": 1650271874035,
        "Value": 28
    },
    "-N-w4LviS73vffMToX9m": {
        "Ts": 1650275479278,
        "Value": 28.899999619
    },
    "-N-wI6OD1bNKGeKsecwE": {
        "Ts": 1650279085647,
        "Value": 29.399999619
    },
    "-N-wWCp9j-B7gQAibW7a": {
        "Ts": 1650282782027,
        "Value": 29.700000763
    },
    "-N-wiyHN_Qt1NU8FTTcV": {
        "Ts": 1650286388377,
        "Value": 30.700000763
    },
    "-N-wwhaidRx-3O4c4mjD": {
        "Ts": 1650289990062,
        "Value": 30.799999237
    },
    "-N-x9S_sbHC3qsptdVcY": {
        "Ts": 1650293594488,
        "Value": 30.100000381
    },
    "-N-xNC5avnbAeeOh069b": {
        "Ts": 1650297196967,
        "Value": 29.299999237
    },
    "-N-x_xB2aBQkPlXDwyCK": {
        "Ts": 1650300801795,
        "Value": 29.399999619
    },
    "-N-y0QzBNNwLQIsWqmY_": {
        "Ts": 1650308005836,
        "Value": 29.299999237
    },
    "-N-yEBZnpWazVaySlRZT": {
        "Ts": 1650311612723,
        "Value": 28.700000763
    },
    "-N-yf1LCNho3qfbon-Cj": {
        "Ts": 1650318910862,
        "Value": 28.5
    },
    "-N-ysmm6QhfEiDyZXi8J": {
        "Ts": 1650322517127,
        "Value": 27.899999619
    },
    "-N-z5_0KMe1bG2u1v4xy": {
        "Ts": 1650326130773,
        "Value": 27.5
    },
    "-N-zJKIcbHuwEYgRz6HY": {
        "Ts": 1650329736425,
        "Value": 27.399999619
    },
    "-N-zX3bY3HZSMwb9OmcJ": {
        "Ts": 1650333338083,
        "Value": 27.299999237
    },
    "-N-zjoLf9ZgNl2fXXq95": {
        "Ts": 1650336941483,
        "Value": 27.100000381
    },
    "-N-zxYJA_8y2weEDnDlM": {
        "Ts": 1650340541708,
        "Value": 26.200000763
    },
    "-N0-AIlnjTujeVa_Z2ts": {
        "Ts": 1650344148083,
        "Value": 26.600000381
    },
    "-N0-O3CgogtSOHjNrCX8": {
        "Ts": 1650347754349,
        "Value": 27.100000381
    },
    "-N0-aoJrNYtKmCOkYmLl": {
        "Ts": 1650351359287,
        "Value": 27.700000763
    },
    "-N01rB0JgdJjETGqGsIq": {
        "Ts": 1650389205077,
        "Value": 28.200000763
    },
    "-N023wDceUpkEItDp2Bx": {
        "Ts": 1650392810408,
        "Value": 28
    },
    "-N02HgzOOiA1xz0sa0UZ": {
        "Ts": 1650396418010,
        "Value": 27.899999619
    },
    "-N02VRBwh93yWPWZEngJ": {
        "Ts": 1650400019261,
        "Value": 27.899999619
    },
    "-N02iAcps232W-tMW4e_": {
        "Ts": 1650403621430,
        "Value": 27.600000381
    },
    "-N02vvF0bCRUgbqwKdGU": {
        "Ts": 1650407224321,
        "Value": 27.600000381
    },
    "-N038esjKpwa4QBn3m8N": {
        "Ts": 1650410827312,
        "Value": 27.399999619
    },
    "-N03MPoz9jTzR3fKG2X1": {
        "Ts": 1650414431551,
        "Value": 27.299999237
    },
    "-N03_9NYebUs_hhKC6Gl": {
        "Ts": 1650418034211,
        "Value": 27.200000763
    },
    "-N03muWH1vpc2KY2_rQZ": {
        "Ts": 1650421639250,
        "Value": 27.100000381
    },
    "-N04-g_C_ouj9X5mzwNc": {
        "Ts": 1650425252174,
        "Value": 26.700000763
    },
    "-N04DT6jsZh_LasEfs7K": {
        "Ts": 1650428862959,
        "Value": 25.299999237
    },